X, Y
Point
0, 0
New Line
-7.105427357601E-15, 41.25
33.5, 41.25
New Line
33.5, 41.25
33.5, -41.25
New Line
37.5, -41.25
37.5, 41.25
New Line
41.5, 41.25
41.5, -41.25
New Line
41.5, -33.25
45.5, -33.25
New Line
45.5, -41.25
45.5, 41.25
New Line
61.875, -41.25
61.875, 41.25
New Line
-7.105427357601E-15, -41.25
33.5, -41.25
New Spline
0, 0
0, 0
0, 0
0, 0
0, 0
0, 0
0, 0
0, 0
0, 0
0, 0
0, 0
0, 0
0, 0
0, 0
0, 0
0, 0
0, 0
0, 0
0, 0
0, 0
0, 0
0, 0
0, 0
0, 0
0, 0
0, 0
0, 0
0, 0
0, 0
0, 0
0, 0
0, 0
0, 0
0, 0
0, 0
0, 0
0, 0
0, 0
0, 0
0, 0
0, 0
0, 0
0, 0
0, 0
0, 0
0, 0
0, 0
0, 0
0, 0
0, 0
0, 0
0, 0
0, 0
0, 0
0, 0
0, 0
0, 0
0, 0
0, 0
0, 0
0, 0
0, 0
0, 0
0, 0
0, 0
0, 0
0, 0
0, 0
0, 0
0, 0
0, 0
0, 0
0, 0
0, 0
0, 0
0, 0
0, 0
0, 0
0, 0
0, 0
0, 0
0, 0
0, 0
0, 0
0, 0
0, 0
0, 0
0, 0
0, 0
0, 0
0, 0
0, 0
0, 0
0, 0
0, 0
0, 0
0, 0
0, 0
0, 0
0, 0
0, 0
Point
17, 0
New Circle
22, 0
21.9997500020833, 0.0499991666708333
21.9990000333329, 0.0999933334666654
21.9977501687449, 0.149977501012478
21.9960005333049, 0.199946670933171
21.9937513019748, 0.249895846353392
21.991002699676, 0.299820032397223
21.9877550012664, 0.349714236687664
21.9840085315131, 0.399573469845864
21.97976366506, 0.449392745990055
21.9750208263901, 0.499167083234141
21.9697804897835, 0.548891504185874
21.9640431792693, 0.598561036444597
21.9578094685739, 0.648170713098474
21.9510799810632, 0.697715573221182
21.9438553896802, 0.747190662367996
21.9361364168781, 0.79659103307123
21.9279238345478, 0.84591174533498
21.9192184639406, 0.895147867129121
21.9100211755864, 0.944294474882503
21.9003328892062, 0.993346653975306
21.8901545736207, 1.0422994992305
21.879487246653, 1.09114811540435
21.8683319750269, 1.13988761767594
21.8566898742601, 1.18851313213567
21.8445621085532, 1.23701979627262
21.8319498906726, 1.28540275946078
21.8188544818295, 1.33365718344416
21.8052771915539, 1.38177824282057
21.7912193775635, 1.42976112552418
21.776682445628, 1.4776010333067
21.7616678494286, 1.52529318221722
21.7461770904122, 1.57283280308059
21.7302117176419, 1.62021514197434
21.7137733276417, 1.66743546070407
21.6968635642369, 1.71448903727726
21.6794841183897, 1.76137116637545
21.6616367280302, 1.80807715982481
21.6433231778826, 1.85460234706491
21.6245452992866, 1.90094207561581
21.6053049700144, 1.94709171154325
21.585604114083, 1.99304663992212
21.5654447015615, 2.03880226529785
21.5448287483744, 2.08435401214606
21.5237583160998, 2.12969732533
21.5022355117634, 2.17482767055615
21.4802624876276, 2.2197405348276
21.4578414409766, 2.26443142689534
21.4349746138964, 2.30889587770742
21.4116642930506, 2.35312944085579
21.3879128094519, 2.39712769302102
21.3637225382288, 2.44088623441454
21.3390958983882, 2.48440068921868
21.3140353525738, 2.52766670602424
21.2885434068191, 2.57067995826557
21.2626226102975, 2.6134361446533
21.2362755550671, 2.65593098960442
21.2095048758113, 2.69816024366985
21.1823132495759, 2.74011968395937
21.1547033955008, 2.78180511456392
21.1266780745484, 2.82321236697518
21.0982400892274, 2.86433730050241
21.0693922833127, 2.90517580268653
21.0401375415608, 2.94572378971135
21.0104787894215, 2.98597720681196
20.9804189927453, 3.0259320286802
20.9499611574868, 3.06558425986717
20.9191083294042, 3.1049299351828
20.8878635937546, 3.14396512009234
20.8562300749855, 3.18268591110984
20.8242109364224, 3.22108843618846
20.7918093799525, 3.25916885510768
20.7590286457045, 3.29692335985737
20.7258720117243, 3.33434817501849
20.6923427936479, 3.37143955814073
20.6584443443691, 3.40819380011667
20.6241800537045, 3.44460722555276
20.5895533480547, 3.48067619313679
20.5545676900614, 3.51639709600205
20.5192265782612, 3.55176636208804
20.4835335467358, 3.58678045449762
20.4474921647587, 3.62143587185071
20.4111060364381, 3.65572914863448
20.3743788003563, 3.68965685554982
20.3373141292065, 3.7232155998543
20.2999157294249, 3.75640202570147
20.2621873408203, 3.78921281447639
20.2241327362, 3.82164468512753
20.1857557209929, 3.85369439449485
20.1470601328685, 3.88535873763412
20.1080498413533, 3.91663454813742
20.0687287474441, 3.94751869844975
20.0291007832173, 3.97800810018183
19.9891699114365, 4.00809970441889
19.9489401251555, 4.03779050202557
19.9084154473194, 4.06707752394687
19.8675999303623, 4.09595784150499
19.8264976558018, 4.12442856669225
19.7851127338311, 4.15248685245985
19.7434493029079, 4.1801298930026
19.7015115293407, 4.20735492403948
19.6593036068718, 4.23415922309008
19.6168297562582, 4.26054010974682
19.5740942248498, 4.28649494594302
19.5311012861639, 4.31202113621669
19.4878552394586, 4.33711612797009
19.4443604093026, 4.36177741172493
19.4006211451427, 4.38600252137341
19.3566418208687, 4.40978903442474
19.3124268343765, 4.43313457224744
19.2679806071279, 4.45603680030718
19.2233075837085, 4.47849342840024
19.1784122313836, 4.50050221088253
19.1332990396508, 4.52206094689413
19.0879725197918, 4.54316748057942
19.0424372044208, 4.56381970130261
18.9966976470314, 4.58401554385884
18.9507584215411, 4.60375298868068
18.9046241218344, 4.6230300620401
18.8582993613027, 4.64184483624584
18.8117887723834, 4.66019542983613
18.7650970060966, 4.67808000776693
18.7182287315802, 4.69549678159534
18.6711886356225, 4.71244400965849
18.6239814221939, 4.7289199972477
18.5766118119763, 4.74492309677793
18.5290845418914, 4.76045170795258
18.4814043646266, 4.77550427792346
18.4335760481598, 4.79007930144613
18.3856043752828, 4.80417532103036
18.3374941431229, 4.81779092708597
18.2892501626633, 4.83092475806367
18.2408772582619, 4.84357550059133
18.1923802671686, 4.85574188960522
18.1437640390423, 4.8674227084766
18.0950334354652, 4.8786167891333
18.0461933294571, 4.88932301217658
17.9972486049879, 4.89954030699307
17.9482041564892, 4.9092676518618
17.899064888365, 4.91850407405638
17.8498357145012, 4.9272486499423
17.8005215577742, 4.93550050506925
17.7511273495584, 4.9432588142586
17.7016580292337, 4.95052280168589
17.6521185436907, 4.95729174095843
17.6025138468368, 4.96356495518794
17.5528488991003, 4.96934181705822
17.5031286669347, 4.97462174888791
17.4533581223215, 4.9794042226882
17.403542242274, 4.98368876021572
17.3536860083385, 4.98747493302027
17.3037944060969, 4.99076236248774
17.2538724246679, 4.99355071987792
17.203925056208, 4.99583972635738
17.1539572954123, 4.9976291530274
17.1039741390155, 4.99891882094678
17.0539805852913, 4.99970860114983
17.0039816335537, 4.99999841465917
16.953982283656, 4.9997882324937
16.9039875354915, 4.99907807567145
16.8540023884936, 4.99786801520753
16.8040318411351, 4.99615817210695
16.7540808904291, 4.99394871735262
16.7041545314293, 4.99123987188816
16.6542577567297, 4.98803190659587
16.6043955559663, 4.98432514226959
16.5545729153177, 4.98011994958268
16.5047948170064, 4.9754167490509
16.4550662388006, 4.97021601099038
16.4053921535169, 4.96451825547059
16.3557775285224, 4.95832405226234
16.3062273252381, 4.95163402078079
16.2567464986432, 4.94444883002351
16.207339996779, 4.93676919850358
16.1580127602546, 4.92859589417777
16.1087697217525, 4.91992973436968
16.0596158055356, 4.91077158568809
16.0105559269544, 4.90112236394023
15.9615949919561, 4.89098303404022
15.9127378965932, 4.88035460991262
15.8639895265346, 4.86923815439097
15.8153547565766, 4.85763477911157
15.7668384501558, 4.84554564440228
15.7184454588624, 4.83297195916649
15.6701806219551, 4.81991498076224
15.6220487658774, 4.8063760148765
15.5740547037749, 4.79235641539457
15.5262032350137, 4.77785758426472
15.4784991447008, 4.76288097135797
15.4309472032056, 4.74742807432315
15.3835521656825, 4.73150043843707
15.3363187715958, 4.71509965645005
15.2892517442455, 4.69822736842662
15.2423557902952, 4.68088526158153
15.1956355993012, 4.663075070111
15.1490958432436, 4.64479857501934
15.1027411760592, 4.62605760394084
15.0565762331762, 4.60685403095697
15.0106056310504, 4.58718977640905
14.9648339667037, 4.56706680670612
14.9192658172643, 4.54648713412841
14.8739057395092, 4.525452816626
14.8287582694085, 4.50396595761313
14.7838279216715, 4.4820287057578
14.7391191892954, 4.4596432547669
14.6946365431164, 4.43681184316688
14.650384431362, 4.41353675407987
14.6063672792064, 4.38982031499539
14.5625894883282, 4.36566489753758
14.51905543647, 4.34107291722806
14.4757694770007, 4.31604683324437
14.4327359384802, 4.29058914817405
14.3899591242265, 4.26470240776438
14.3474433118853, 4.23838920066785
14.3051927530024, 4.21165215818323
14.2632116725987, 4.18449395399249
14.2215042687469, 4.15691730389342
14.180074712153, 4.12892496552805
14.1389271457378, 4.10051973810688
14.0980656842239, 4.07170446212899
14.0574944137233, 4.04248201909796
14.0172173913292, 4.01285533123375
13.9772386447104, 3.98282736118044
13.9375621717081, 3.95240111171004
13.8981919399366, 3.92157962542211
13.8591318863863, 3.89036598443962
13.82038591703, 3.85876331010064
13.7819579064323, 3.82677476264628
13.7438516973623, 3.79440354090462
13.7060711004091, 3.76165288197087
13.6686198936009, 3.72852606088362
13.6315018220272, 3.69502639029737
13.5947205974643, 3.66115722015128
13.5582798980038, 3.62692193733412
13.5221833676855, 3.59232396534565
13.4864346161323, 3.55736676395424
13.4510372181894, 3.5220538288509
13.4159947135673, 3.48638869129971
13.3813106064872, 3.45037491778471
13.3469883653308, 3.41401610965322
13.3130314222938, 3.37731590275578
13.2794431730421, 3.34027796708248
13.2462269763726, 3.30290600639603
13.2133861538773, 3.26520375786135
13.1809239896112, 3.22717499167188
13.1488437297635, 3.18882351067255
13.1171485823336, 3.15015314997949
13.0858417168097, 3.11116777659656
13.0549262638524, 3.07187128902859
13.0244053149811, 3.03226761689161
12.9942819222654, 2.99236072051982
12.9645590980193, 2.9521545905696
12.9352398145006, 2.91165324762045
12.9063270036131, 2.8708607417729
12.8778235566139, 2.82978115224356
12.8497323238239, 2.78841858695713
12.822056114343, 2.74677718213568
12.794797695769, 2.70486110188499
12.7679597939212, 2.66267453777815
12.7415450925672, 2.62022170843643
12.7155562331553, 2.57750685910737
12.6899958145497, 2.53453426124032
12.664866392771, 2.49130821205924
12.6401704807404, 2.44783303413305
12.6159105480286, 2.4041130749433
12.5920890206086, 2.36015270644947
12.5687082806133, 2.31595632465178
12.5457706660971, 2.27152834915159
12.5232784708026, 2.22687322270942
12.5012339439303, 2.18199541080069
12.4796392899147, 2.13689940116921
12.4584966682032, 2.09158970337836
12.4378081930402, 2.04607084836015
12.4175759332562, 2.00034738796216
12.3978019120601, 1.95442389449233
12.3784881068377, 1.90830496026173
12.3596364489534, 1.86199519712535
12.3412488235572, 1.81549923602091
12.3233270693963, 1.76882172650579
12.3058729786313, 1.72196733629202
12.2888882966567, 1.6749407507796
12.2723747219265, 1.62774667258788
12.2563339057845, 1.58038982108534
12.2407674522988, 1.53287493191769
12.2256769181019, 1.48520675653424
12.2110638122346, 1.4373900617128
12.1969295959953, 1.38942962908301
12.1832756827938, 1.34133025464817
12.1701034380101, 1.29309674830564
12.1574141788578, 1.24473393336585
12.1452091742521, 1.19624664607
12.1334896446833, 1.14763973510641
12.1222567620946, 1.09891806112567
12.111511649765, 1.05008649625459
12.1012553821966, 1.00114992360894
12.0914889850077, 0.952113236805229
12.08221343483, 0.902981339471258
12.0734296592106, 0.853759144755823
12.0651385365198, 0.804451574837375
12.057340895863, 0.755063560431818
12.0500375169978, 0.705600040299435
12.0432291302559, 0.65606596075102
12.0369164164703, 0.60646627515325
12.0311000069072, 0.556805943433352
12.0257804832027, 0.507089931583113
12.0209583773047, 0.45732321116229
12.0166341714198, 0.407510758801452
12.0128082979649, 0.357657555704325
12.0094811395243, 0.307768587149674
12.0066530288109, 0.257848841992782
12.0043242486336, 0.207903312166563
12.0024950318684, 0.15793699218238
12.0011655614354, 0.107954878630593
12.0003359702805, 0.0579619696809046
12.0000063413623, 0.0079632645825496
12.0001767076433, -0.0420362368356276
12.000847052087, -0.0920315346651514
12.0020173076596, -0.142017629417901
12.0036873573364, -0.191989522526057
12.0058570341139, -0.241942216841951
12.0085261210262, -0.291870717137779
12.0116943511669, -0.341770030605117
12.0153614077156, -0.391635167354203
12.0195269239696, -0.441461140912914
12.0241904833808, -0.491242968725417
12.0293516195973, -0.540975672650416
12.0350098165095, -0.590654279458961
12.0411645083027, -0.640273821331771
12.0478150795126, -0.689829336356007
12.0549608650878, -0.739315869021463
12.0626011504557, -0.788728470716112
12.070735171594, -0.83806220022096
12.0793621151074, -0.887312124204169
12.0884811183088, -0.936473317714383
12.0980912693055, -0.985540864673217
12.1081916070903, -1.03450985836686
12.1187811216379, -1.08337540193676
12.1298587540057, -1.13213260886928
12.1414233964397, -1.18077660348435
12.1534738924852, -1.22930252142305
12.1660090371027, -1.27770551013402
12.1790275767881, -1.32598072935873
12.1925282096985, -1.37412335161548
12.2065095857816, -1.42212856268217
12.2209703069116, -1.4699915620777
12.2359089270284, -1.517707563542
12.2513239522825, -1.56527179551471
12.2672138411841, -1.61267950161225
12.2835770047576, -1.65992594110353
12.3004118067003, -1.70700638938396
12.317716563546, -1.75391613844796
12.3354895448334, -1.8006504973597
12.3537289732793, -1.84720479272224
12.372433024956, -1.89357436914484
12.3915998294739, -1.93975458970851
12.4112274701686, -1.98574083642965
12.4313139842922, -2.03152851072194
12.4518573632102, -2.07711303385608
12.4728555526018, -2.12248984741777
12.4943064526655, -2.16765441376344
12.5162079183292, -2.21260221647412
12.5385577594646, -2.25732876080697
12.5613537411062, -2.30182957414484
12.5845935836748, -2.34610020644349
12.6082749632055, -2.39013623067657
12.6323955115802, -2.43393324327835
12.6569528167641, -2.47748686458408
12.6819444230471, -2.52079273926791
12.7073678312894, -2.56384653677847
12.7332204991714, -2.60664395177188
12.7594998414479, -2.64918070454232
12.7862032302064, -2.69145254144994
12.8133279951305, -2.73345523534629
12.8408714237662, -2.77518458599697
12.8688307617935, -2.8166364205017
12.8972032133021, -2.85780659371157
12.9259859410703, -2.89869098864357
12.9551760668495, -2.93928551689227
12.9847706716512, -2.97958611903867
13.0147667960398, -3.01958876505616
13.0451614404278, -3.05928945471345
13.075951565376, -3.09868421797467
13.1071340918977, -3.13776911539632
13.1387059017662, -3.17654023852123
13.1706638378267, -3.2149937102694
13.2030047043123, -3.25312568532569
13.2357252671634, -3.29093235052438
13.2688222543509, -3.32840992523045
13.3022923562036, -3.36555466171767
13.3361322257393, -3.40236284554333
13.3703384789992, -3.43883079591973
13.4049076953865, -3.47495486608222
13.4398364180083, -3.51073144365389
13.4751211540216, -3.54615695100679
13.510758374982, -3.58122784561971
13.5467445171973, -3.61594062043242
13.5830759820832, -3.65029180419636
13.6197491365234, -3.68427796182178
13.6567603132331, -3.71789569472124
13.6941058111254, -3.75114164114946
13.7317818956818, -3.78401247653951
13.7697847993251, -3.81650491383523
13.8081107217965, -3.84861570381999
13.846755830536, -3.88034163544153
13.8857162610646, -3.91167953613313
13.924988117372, -3.94262627213085
13.9645674723051, -3.97317874878686
14.0044503679614, -4.00333391087896
14.0446328160847, -4.03308874291608
14.0851107984635, -4.0624402694398
14.1258802673335, -4.09138555532193
14.1669371457816, -4.11992170605801
14.2082773281543, -4.14804586805673
14.2498966804677, -4.17575522892535
14.2917910408213, -4.20304701775085
14.333956219814, -4.22991850537711
14.3763880009631, -4.25636700467776
14.4190821411257, -4.28238987082489
14.4620343709234, -4.30798450155359
14.5052403951691, -4.33314833742211
14.5486958932963, -4.35787886206783
14.5923965197914, -4.3821736024589
14.6363379046283, -4.40603012914152
14.6805156537049, -4.42944605648291
14.7249253492833, -4.45241904290984
14.7695625504308, -4.47494679114281
14.8144227934647, -4.49702704842579
14.8595015923978, -4.51865760675143
14.904794439388, -4.53983630308193
14.9502968051883, -4.5605610195653
14.9960041395999, -4.58082968374718
15.0419118719276, -4.60064026877803
15.0880154114364, -4.61999079361585
15.1343101478107, -4.63887932322429
15.1807914516155, -4.65730396876613
15.2274546747591, -4.67526288779216
15.2742951509582, -4.69275428442545
15.321308196204, -4.70977640954092
15.3684891092314, -4.72632756094024
15.4158331719882, -4.74240608352205
15.4633356501077, -4.7580103694475
15.5109917933816, -4.77313885830101
15.5587968362354, -4.78779003724628
15.6067459982045, -4.80196244117765
15.6548344844128, -4.81565465286651
15.7030574860516, -4.82886530310313
15.7514101808611, -4.84159307083347
15.799887733612, -4.85383668329138
15.8484852965895, -4.86559491612581
15.8971980100777, -4.87686659352328
15.9460210028458, -4.88765058832543
15.9949493926354, -4.89794582214178
16.0439782866482, -4.90775126545753
16.0931027820357, -4.91706593773651
16.1423179663892, -4.92588890751925
16.1916189182313, -4.93421929251614
16.241000707508, -4.94205625969561
16.2904583960814, -4.94939902536748
16.3399870382239, -4.9562468552613
16.3895816811126, -4.96259906459978
16.4392373653245, -4.96845501816729
16.4889491253325, -4.97381413037335
16.5387119900022, -4.9786758653112
16.5885209830884, -4.98303973681141
16.6383711237335, -4.98690530849045
16.6882574269648, -4.99027219379438
16.7381749041936, -4.99314005603748
16.7881185637138, -4.99550860843591
16.8380834112011, -4.99737761413641
16.8880644502123, -4.99874688623996
16.9380566826853, -4.9996162878205
16.9880551094383, -4.99998573193859
17.0380547306705, -4.99985518165012
17.0880505464613, -4.99922465001003
17.1380375572708, -4.99809420007093
17.1880107644396, -4.9964639448769
17.2379651706887, -4.99433404745208
17.2878957806189, -4.99170472078445
17.3377976012111, -4.98857622780449
17.3876656423246, -4.98494888135887
17.4374949171969, -4.98082304417923
17.4872804429421, -4.97619912884584
17.5370172410491, -4.97107759774639
17.5867003378795, -4.96545896302971
17.636324765165, -4.9593437865546
17.6858855605042, -4.95273267983361
17.735377767859, -4.94562630397189
17.7847964380498, -4.93802536960112
17.8341366292508, -4.9299306368084
17.883393407484, -4.92134291506026
17.9325618471126, -4.91226306312172
17.9816370313336, -4.9026919889704
18.0306140526695, -4.89263064970575
18.079488013459, -4.88208005145331
18.1282540263467, -4.87104124926412
18.176907214772, -4.85951534700918
18.2254427134565, -4.84750349726912
18.2738556688909, -4.83500690121891
18.32214123982, -4.82202680850773
18.3702945977268, -4.80856451713405
18.4183109273158, -4.79462137331578
18.466185426994, -4.78019877135568
18.5139133093513, -4.76529815350193
18.5614898016393, -4.7499210098039
18.6089101462483, -4.73406887796315
18.6561696011835, -4.71774334317964
18.7032634405386, -4.70094603799325
18.7501869549692, -4.68367864212051
18.7969354521626, -4.6659428822866
18.8435042573084, -4.64774053205274
18.8898887135646, -4.62907341163878
18.9360841825244, -4.60994338774121
18.9820860446793, -4.59035237334646
19.0278896998815, -4.57030232753967
19.0734905678036, -4.54979525530869
19.1188840883968, -4.52883320734366
19.164065722347, -4.50741827983192
19.2090309515282, -4.48555261424836
19.2537752794552, -4.46323839714132
19.2982942317324, -4.44047785991392
19.3425833565016, -4.41727327860092
19.3866382248873, -4.39362697364111
19.4304544314394, -4.36954130964527
19.4740275945737, -4.34501869515975
19.5173533570103, -4.32006158242554
19.5604273862089, -4.29467246713313
19.6032453748026, -4.26885388817289
19.6458030410282, -4.2426084273812
19.6880961291545, -4.21593870928227
19.730120409908, -4.18884740082568
19.7718716808955, -4.1613372111197
19.8133457670249, -4.13341089116037
19.854538520922, -4.10507123355643
19.8954458233458, -4.07632107225002
19.9360635836001, -4.0471632822333
19.9763877399428, -4.01760077926099
20.0164142599917, -3.98763651955873
20.0561391411284, -3.95727349952754
20.0955584108977, -3.92651475544412
20.1346681274056, -3.89536336315724
20.1734643797129, -3.86382243778016
20.2119432882268, -3.83189513337915
20.2501010050885, -3.79958464265804
20.2879337145581, -3.76689419663897
20.3254376333961, -3.7338270643393
20.3626090112421, -3.70038655244471
20.399444130989, -3.66657600497853
20.4359393091557, -3.63239880296731
20.4720908962548, -3.59785836410279
20.5078952771577, -3.56295814240006
20.543348871456, -3.52770162785222
20.5784481338201, -3.49209234608133
20.6131895543527, -3.4561338579859
20.6475696589409, -3.41982975938477
20.6815850096028, -3.38318368065756
20.7152322048318, -3.34619928638158
20.7485078799363, -3.30888027496546
20.7814087073765, -3.27123037827924
20.8139313970972, -3.2332533612812
20.8460726968564, -3.19495302164141
20.877829392551, -3.1563331893619
20.9091983085379, -3.11739772639372
20.9401763079515, -3.07815052625073
20.9707602930178, -3.03859551362023
21.0009472053638, -2.99873664397052
21.0307340263234, -2.95857790315535
21.0601177772392, -2.91812330701535
21.0890955197608, -2.8773769009764
21.1176643561379, -2.83634275964516
21.1458214295108, -2.79502498640156
21.1735639241956, -2.75342771298851
21.2008890659659, -2.71155509909867
21.2277941223304, -2.66941133195855
21.2542764028058, -2.62700062590973
21.2803332591861, -2.58432722198748
21.3059620858074, -2.54139538749663
21.3311603198084, -2.49820941558485
21.3559254413868, -2.45477362481335
21.3802549740509, -2.411092358725
21.4041464848679, -2.36716998541002
21.4275975847064, -2.32301089706914
21.4506059284761, -2.27861950957438
21.4731692153619, -2.23400026202751
21.4952851890537, -2.18915761631609
21.5169516379726, -2.14409605666734
21.5381663954919, -2.09882008919966
21.5589273401534, -2.05333424147207
21.57923239588, -2.00764306203144
21.599079532183, -1.96175111995764
21.6184667643654, -1.91566300440663
21.63739215372, -1.86938332415156
21.6558538077238, -1.82291670712189
21.6738498802266, -1.7762677999406
21.6913785716363, -1.72944126745953
21.7084381290982, -1.68244179229291
21.725026846671, -1.63527407434909
21.7411430654966, -1.58794283036057
21.7567851739666, -1.54045279341228
21.7719516078831, -1.49280871246837
21.7866408506155, -1.44501535189721
21.8008514332517, -1.39707749099503
21.8145819347453, -1.34899992350798
21.8278309820575, -1.30078745715275
21.8405972502947, -1.25244491313578
21.8528794628406, -1.20397712567121
21.8646763914844, -1.15538894149737
21.8759868565429, -1.10668521939221
21.886809726979, -1.05787082968734
21.8971439205148, -1.00895065378106
21.9069884037394, -0.959929583650194
21.9163421922128, -0.910812521360899
21.925204350564, -0.861604378578476
21.9335739925844, -0.812310076076196
21.9414502813168, -0.762934543243232
21.948832429139, -0.713482717591719
21.9557196978423, -0.663959544263015
21.9621113987055, -0.614369975533182
21.968006892564, -0.564718970317769
21.9734055898732, -0.515011493675922
21.9783069507679, -0.465252516313882
21.9827104851161, -0.41544701408792
21.986615752568, -0.365599967506754
21.9900223626001, -0.315716361233503
21.9929299745544, -0.265801183587224
21.9953382976719, -0.215859426044087
21.9972470911225, -0.165896082738228
21.9986561640283, -0.115916149962341
21.9995653754832, -0.0659246256680548
21.9999746345669, -0.0159265089661385
New Spline
0, 0
0, 0
0, 0
0, 0
0, 0
0, 0
0, 0
0, 0
0, 0
0, 0
0, 0
0, 0
0, 0
0, 0
0, 0
0, 0
0, 0
0, 0
0, 0
0, 0
0, 0
0, 0
0, 0
0, 0
0, 0
0, 0
0, 0
0, 0
0, 0
0, 0
0, 0
0, 0
0, 0
0, 0
0, 0
0, 0
0, 0
0, 0
0, 0
0, 0
0, 0
0, 0
0, 0
0, 0
0, 0
0, 0
0, 0
0, 0
0, 0
0, 0
0, 0
0, 0
0, 0
0, 0
0, 0
0, 0
0, 0
0, 0
0, 0
0, 0
0, 0
0, 0
0, 0
0, 0
0, 0
0, 0
0, 0
0, 0
0, 0
0, 0
0, 0
0, 0
0, 0
0, 0
0, 0
0, 0
0, 0
0, 0
0, 0
0, 0
0, 0
0, 0
0, 0
0, 0
0, 0
0, 0
0, 0
0, 0
0, 0
0, 0
0, 0
0, 0
0, 0
0, 0
0, 0
0, 0
0, 0
0, 0
0, 0
0, 0
0, 0
New Line
33.5, -33.25
37.5, -33.25
New Spline
0, 0
0, 0
0, 0
0, 0
0, 0
0, 0
0, 0
0, 0
0, 0
0, 0
0, 0
0, 0
0, 0
0, 0
0, 0
0, 0
0, 0
0, 0
0, 0
0, 0
0, 0
0, 0
0, 0
0, 0
0, 0
0, 0
0, 0
0, 0
0, 0
0, 0
0, 0
0, 0
0, 0
0, 0
0, 0
0, 0
0, 0
0, 0
0, 0
0, 0
0, 0
0, 0
0, 0
0, 0
0, 0
0, 0
0, 0
0, 0
0, 0
0, 0
0, 0
0, 0
0, 0
0, 0
0, 0
0, 0
0, 0
0, 0
0, 0
0, 0
0, 0
0, 0
0, 0
0, 0
0, 0
0, 0
0, 0
0, 0
0, 0
0, 0
0, 0
0, 0
0, 0
0, 0
0, 0
0, 0
0, 0
0, 0
0, 0
0, 0
0, 0
0, 0
0, 0
0, 0
0, 0
0, 0
0, 0
0, 0
0, 0
0, 0
0, 0
0, 0
0, 0
0, 0
0, 0
0, 0
0, 0
0, 0
0, 0
0, 0
0, 0
New Spline
0, 0
0, 0
0, 0
0, 0
0, 0
0, 0
0, 0
0, 0
0, 0
0, 0
0, 0
0, 0
0, 0
0, 0
0, 0
0, 0
0, 0
0, 0
0, 0
0, 0
0, 0
0, 0
0, 0
0, 0
0, 0
0, 0
0, 0
0, 0
0, 0
0, 0
0, 0
0, 0
0, 0
0, 0
0, 0
0, 0
0, 0
0, 0
0, 0
0, 0
0, 0
0, 0
0, 0
0, 0
0, 0
0, 0
0, 0
0, 0
0, 0
0, 0
0, 0
0, 0
0, 0
0, 0
0, 0
0, 0
0, 0
0, 0
0, 0
0, 0
0, 0
0, 0
0, 0
0, 0
0, 0
0, 0
0, 0
0, 0
0, 0
0, 0
0, 0
0, 0
0, 0
0, 0
0, 0
0, 0
0, 0
0, 0
0, 0
0, 0
0, 0
0, 0
0, 0
0, 0
0, 0
0, 0
0, 0
0, 0
0, 0
0, 0
0, 0
0, 0
0, 0
0, 0
0, 0
0, 0
0, 0
0, 0
0, 0
0, 0
0, 0
Point
-96.5579489218778, 3.5527136788005E-15
New Arc
0.0332767775693412, -41.1720186276848
0.0664905764474213, -41.0940104106967
0.099641374978404, -41.0159753998982
0.132729151547537, -40.937913646169
0.165753884581193, -40.8598252004063
0.19871555254683, -40.7817101135249
0.23161413395303, -40.7035684364566
0.264449607349476, -40.625400220151
0.29722195132706, -40.5472055155747
0.329931144517801, -40.4689843737115
0.362577165594885, -40.3907368455626
0.395159993272685, -40.3124629821465
0.427679606306796, -40.2341628344986
0.460135983494041, -40.1558364536716
0.492529103672439, -40.0774838907354
0.524858945721263, -39.9991051967767
0.557125488561056, -39.9207004228995
0.589328711153627, -39.8422696202246
0.621468592502097, -39.76381283989
0.653545111650814, -39.6853301330503
0.685558247685506, -39.6068215508775
0.717507979733213, -39.5282871445599
0.7493942869623, -39.4497269653031
0.781217148582499, -39.3711410643292
0.812976543844911, -39.2925294928773
0.844672452041991, -39.2138923022031
0.87630485250763, -39.135229543579
0.90787372461709, -39.0565412682942
0.939379047787085, -38.9778275276543
0.970820801475739, -38.8990883729817
1.00219896518264, -38.8203238556153
1.03351351844883, -38.7415340269107
1.06476444085683, -38.6627189382396
1.09595171203064, -38.5838786409907
1.12707531163576, -38.5050131865687
1.15813521937923, -38.4261226263949
1.18913141500961, -38.3472070119069
1.22006387831695, -38.2682663945587
1.25093258913293, -38.1893008258206
1.28173752733075, -38.1103103571792
1.31247867282521, -38.0312950401371
1.34315600557269, -37.9522549262134
1.3737695055712, -37.8731900669432
1.40431915286034, -37.7941005138779
1.43480492752136, -37.7149863185847
1.46522680967715, -37.6358475326471
1.49558477949225, -37.5566842076647
1.52587881717291, -37.4774963952528
1.55610890296701, -37.398284147043
1.58627501716418, -37.3190475146826
1.61637714009572, -37.2397865498349
1.64641525213467, -37.1605013041791
1.67638933369581, -37.0811918294101
1.70629936523564, -37.0018581772387
1.73614532725247, -36.9225003993914
1.76592720028636, -36.8431185476105
1.79564496491913, -36.7637126736539
1.82529860177445, -36.6842828292954
1.85488809151776, -36.6048290663241
1.88441341485634, -36.5253514365449
1.91387455253933, -36.4458499917781
1.94327148535767, -36.3663247838599
1.97260419414421, -36.2867758646415
2.00187265977365, -36.2072032859898
2.0310768631626, -36.1276070997873
2.06021678526952, -36.0479873579316
2.08929240709483, -35.9683441123357
2.11830370968087, -35.8886774149281
2.14725067411189, -35.8089873176525
2.17613328151413, -35.7292738724678
2.20495151305575, -35.6495371313481
2.23370534994687, -35.5697771462828
2.26239477343971, -35.4899939692765
2.29101976482833, -35.4101876523488
2.31958030544889, -35.3303582475343
2.3480763766796, -35.2505058068829
2.37650795994061, -35.1706303824594
2.40487503669422, -35.0907320263434
2.43317758844471, -35.0108107906299
2.46141559673846, -34.9308667274283
2.48958904316396, -34.8508998888633
2.51769790935172, -34.7709103270743
2.54574217697447, -34.6908980942153
2.57372182774695, -34.6108632424555
2.60163684342609, -34.5308058239784
2.62948720581096, -34.4507258909827
2.65727289674275, -34.3706234956813
2.68499389810485, -34.2904986903022
2.71265019182285, -34.2103515270875
2.74024175986445, -34.1301820582944
2.76776858423963, -34.0499903361942
2.79523064700055, -33.969776413073
2.82262793024161, -33.8895403412314
2.84996041609942, -33.8092821729841
2.87722808675287, -33.7290019606606
2.90443092442308, -33.6486997566046
2.93156891137347, -33.568375613174
2.95864202990974, -33.4880295827413
2.98565026237986, -33.4076617176931
3.01259359117414, -33.3272720704302
3.03947199872518, -33.2468606933677
3.06628546750792, -33.1664276389348
3.09303398003966, -33.0859729595748
3.11971751887999, -33.0054967077453
3.14633606663097, -32.9249989359178
3.17288960593693, -32.8444796965777
3.19937811948463, -32.7639390422248
3.22580159000324, -32.6833770253724
3.25216000026433, -32.6027936985481
3.27845333308188, -32.5221891142931
3.3046815713123, -32.4415633251627
3.33084469785446, -32.3609163837259
3.35694269564965, -32.2802483425655
3.38297554768168, -32.1995592542781
3.4089432369768, -32.118849171474
3.43484574660373, -32.0381181467772
3.46068305967371, -31.9573662328253
3.48645515934049, -31.8765934822696
3.51216202880036, -31.7957999477749
3.53780365129211, -31.7149856820197
3.56338001009706, -31.6341507376957
3.58889108853911, -31.5532951675086
3.61433686998474, -31.472419024177
3.63971733784295, -31.3915223604332
3.66503247556538, -31.3106052290229
3.69028226664624, -31.2296676827052
3.71546669462232, -31.1487097742521
3.7405857430731, -31.0677315564495
3.76563939562061, -30.9867330820959
3.79062763592958, -30.9057144040036
3.81555044770734, -30.8246755749976
3.84040781470392, -30.7436166479163
3.865199720712, -30.6625376756112
3.88992614956696, -30.5814387109467
3.91458708514683, -30.5003198068004
3.93918251137239, -30.4191810160628
3.96371241220712, -30.3380223916375
3.98817677165721, -30.2568439864409
4.01257557377156, -30.1756458534023
4.03690880264189, -30.0944280454639
4.0611764424026, -30.0131906155808
4.0853784772309, -29.9319336167207
4.10951489134676, -29.8506571018644
4.13358566901293, -29.769361124005
4.15759079453497, -29.6880457361485
4.1815302522612, -29.6067109913137
4.20540402658284, -29.5253569425318
4.22921210193387, -29.4439836428466
4.25295446279112, -29.3625911453146
4.2766310936743, -29.2811795030047
4.30024197914589, -29.1997487689984
4.32378710381137, -29.1182989963894
4.34726645231898, -29.036830238284
4.37068000935989, -28.9553425478009
4.39402775966818, -28.8738359780712
4.41730968802082, -28.792310582238
4.4405257792377, -28.710766413457
4.46367601818164, -28.6292035248961
4.48676038975839, -28.5476219697351
4.50977887891665, -28.4660218011664
4.53273147064807, -28.3844030723943
4.5556181499873, -28.3027658366351
4.5784389020119, -28.2211101471175
4.60119371184247, -28.1394360570819
4.6238825646426, -28.0577436197808
4.64650544561884, -27.9760328884788
4.66906234002083, -27.8943039164523
4.69155323314118, -27.8125567569896
4.71397811031551, -27.7307914633909
4.73633695692256, -27.6490080889681
4.75862975838407, -27.5672066870451
4.78085650016486, -27.4853873109574
4.80301716777279, -27.4035500140523
4.82511174675885, -27.3216948496886
4.84714022271709, -27.2398218712371
4.86910258128466, -27.1579311320798
4.89099880814184, -27.0760226856107
4.912828889012, -26.994096585235
4.93459280966168, -26.9121528843695
4.95629055590049, -26.8301916364427
4.97792211358127, -26.7482128948942
4.99948746859995, -26.6662167131752
5.02098660689566, -26.5842031447483
5.04241951445067, -26.5021722430874
5.06378617729048, -26.4201240616775
5.08508658148374, -26.3380586540153
5.10632071314232, -26.2559760736082
5.12748855842131, -26.1738763739753
5.14859010351901, -26.0917596086465
5.16962533467692, -26.0096258311631
5.19059423817986, -25.9274750950772
5.21149680035579, -25.8453074539521
5.23233300757599, -25.7631229613623
5.25310284625502, -25.680921670893
5.27380630285064, -25.5987036361405
5.29444336386398, -25.516468910712
5.31501401583938, -25.4342175482255
5.33551824536454, -25.3519496023101
5.35595603907043, -25.2696651266053
5.37632738363138, -25.1873641747618
5.39663226576498, -25.1050468004407
5.41687067223221, -25.0227130573141
5.43704258983738, -24.9403629990646
5.45714800542814, -24.8579966793854
5.47718690589551, -24.7756141519805
5.49715927817387, -24.6932154705641
5.51706510924099, -24.6108006888615
5.53690438611801, -24.5283698606079
5.55667709586947, -24.4459230395494
5.57638322560334, -24.3634602794423
5.59602276247095, -24.2809816340533
5.61559569366707, -24.1984871571597
5.63510200642995, -24.1159769025487
5.65454168804116, -24.0334509240181
5.67391472582585, -23.950909275376
5.69322110715251, -23.8683520104404
5.71246081943315, -23.7857791830398
5.73163385012326, -23.7031908470127
5.75074018672174, -23.6205870562077
5.76977981677106, -23.5379678644835
5.78875272785712, -23.4553333257089
5.80765890760932, -23.3726834937626
5.82649834370065, -23.2900184225334
5.84527102384753, -23.2073381659199
5.86397693580993, -23.1246427778307
5.88261606739138, -23.0419323121842
5.90118840643892, -22.9592068229087
5.91969394084316, -22.8764663639422
5.93813265853824, -22.7937109892326
5.95650454750191, -22.7109407527373
5.97480959575545, -22.6281557084237
5.99304779136374, -22.5453559102686
6.01121912243526, -22.4625414122586
6.02932357712206, -22.3797122683896
6.04736114361982, -22.2968685326674
6.06533181016782, -22.2140102591071
6.08323556504895, -22.1311375017334
6.10107239658974, -22.0482503145803
6.11884229316036, -21.9653487516912
6.13654524317461, -21.8824328671192
6.15418123508994, -21.7995027149263
6.17175025740747, -21.7165583491841
6.18925229867196, -21.6335998239733
6.20668734747187, -21.550627193384
6.22405539243934, -21.4676405115153
6.24135642225019, -21.3846398324756
6.25859042562391, -21.3016252103823
6.27575739132372, -21.2185966993621
6.29285730815654, -21.1355543535506
6.30989016497303, -21.0524982270924
6.32685595066752, -20.9694283741411
6.34375465417814, -20.8863448488595
6.3605862644867, -20.8032477054188
6.37735077061879, -20.7201369979997
6.39404816164374, -20.6370127807911
6.41067842667462, -20.5538751079913
6.42724155486832, -20.4707240338069
6.44373753542547, -20.3875596124536
6.46016635759045, -20.3043818981556
6.47652801065151, -20.2211909451458
6.49282248394061, -20.1379868076658
6.50904976683357, -20.0547695399656
6.52520984874998, -19.971539196304
6.54130271915328, -19.8882958309482
6.55732836755071, -19.805039498174
6.57328678349334, -19.7217702522655
6.58917795657609, -19.6384881475153
6.60500187643771, -19.5551932382243
6.62075853276082, -19.471885578702
6.63644791527186, -19.388565223266
6.65207001374118, -19.305232226242
6.66762481798295, -19.2218866419645
6.68311231785528, -19.1385285247756
6.69853250326007, -19.0551579290259
6.71388536414321, -18.9717749090742
6.72917089049443, -18.8883795192871
6.74438907234737, -18.8049718140396
6.75953989977961, -18.7215518477144
6.77462336291258, -18.6381196747025
6.7896394519117, -18.5546753494027
6.80458815698627, -18.4712189262217
6.81946946838958, -18.3877504595742
6.8342833764188, -18.3042700038826
6.84902987141507, -18.2207776135773
6.86370894376353, -18.1372733430963
6.8783205838932, -18.0537572468855
6.89286478227713, -17.9702293793984
6.9073415294323, -17.8866897950963
6.92175081591971, -17.8031385484479
6.93609263234431, -17.7195756939298
6.95036696935507, -17.636001286026
6.96457381764493, -17.552415379228
6.97871316795086, -17.468818028035
6.99278501105381, -17.3852092869533
7.00678933777878, -17.301589210497
7.02072613899475, -17.2179578531875
7.03459540561477, -17.1343152695534
7.04839712859589, -17.0506615141306
7.06213129893924, -16.9669966414627
7.07579790768993, -16.8833207060999
7.08939694593718, -16.7996337626002
7.10292840481425, -16.7159358655285
7.11639227549847, -16.6322270694568
7.1297885492112, -16.5485074289644
7.14311721721791, -16.4647769986374
7.15637827082814, -16.3810358330693
7.16957170139553, -16.2972839868601
7.18269750031779, -16.2135215146174
7.19575565903673, -16.1297484709551
7.20874616903826, -16.0459649104944
7.22166902185243, -15.9621708878632
7.23452420905336, -15.8783664576963
7.24731172225931, -15.7945516746352
7.26003155313266, -15.7107265933282
7.2726836933799, -15.6268912684303
7.28526813475173, -15.5430457546032
7.29778486904289, -15.4591901065152
7.3102338880923, -15.3753243788413
7.3226151837831, -15.2914486262629
7.33492874804249, -15.2075629034682
7.34717457284187, -15.1236672651515
7.35935265019683, -15.0397617660141
7.37146297216708, -14.9558464607632
7.38350553085658, -14.8719214041128
7.39548031841341, -14.7879866507829
7.40738732702982, -14.7040422555002
7.41922654894235, -14.6200882729974
7.43099797643167, -14.5361247580136
7.44270160182262, -14.4521517652941
7.45433741748434, -14.3681693495902
7.46590541583009, -14.2841775656596
7.47740558931741, -14.200176468266
7.48883793044806, -14.1161661121791
7.50020243176797, -14.0321465521748
7.51149908586737, -13.9481178430348
7.52272788538069, -13.864080039547
7.53388882298663, -13.780033196505
7.54498189140809, -13.6959773687084
7.55600708341227, -13.6119126109627
7.5669643918106, -13.5278389780792
7.57785380945879, -13.4437565248749
7.58867532925676, -13.3596653061726
7.5994289441488, -13.2755653768009
7.61011464712338, -13.191456791594
7.6207324312133, -13.1073396053917
7.63128228949563, -13.0232138730395
7.64176421509175, -12.9390796493884
7.65217820116727, -12.854936989295
7.66252424093219, -12.7707859476214
7.67280232764072, -12.6866265792351
7.68301245459143, -12.6024589390091
7.69315461512723, -12.5182830818217
7.70322880263522, -12.4340990625566
7.71323501054698, -12.3499069361029
7.72317323233831, -12.2657067573548
7.73304346152936, -12.1814985812121
7.74284569168461, -12.0972824625794
7.75257991641291, -12.0130584563668
7.76224612936738, -11.9288266174892
7.77184432424559, -11.8445870008671
7.78137449478935, -11.7603396614255
7.79083663478487, -11.6760846540949
7.80023073806272, -11.5918220338106
7.80955679849785, -11.5075518555129
7.81881481000953, -11.423274174147
7.82800476656142, -11.3389890446629
7.83712666216155, -11.2546965220157
7.84618049086235, -11.1703966611651
7.8551662467606, -11.0860895170757
7.86408392399747, -11.0017751447168
7.87293351675852, -10.9174535990625
7.8817150192737, -10.8331249350914
7.89042842581738, -10.748789207787
7.8990737307083, -10.664446472137
7.90765092830961, -10.5800967831342
7.91616001302887, -10.4957401957754
7.92460097931806, -10.4113767650624
7.93297382167354, -10.327006546001
7.94127853463613, -10.2426295936018
7.94951511279105, -10.1582459628796
7.95768355076794, -10.0738557088535
7.9657838432409, -9.98945888654705
7.97381598492842, -9.90505555098806
7.98177997059344, -9.82064575720856
7.98967579504333, -9.73622956024478
7.99750345312994, -9.65180701513715
8.00526293974953, -9.56737817693022
8.01295424984281, -9.48294310067266
8.02057737839495, -9.3985018414172
8.02813232043559, -9.31405445422059
8.03561907103879, -9.2296009941436
8.04303762532311, -9.14514151625093
8.05038797845155, -9.06067607561124
8.0576701256316, -8.97620472729704
8.06488406211521, -8.89172752638471
8.07202978319877, -8.80724452795446
8.07910728422323, -8.72275578709024
8.08611656057394, -8.6382613588798
8.09305760768076, -8.55376129841454
8.09993042101804, -8.46925566078958
8.10673499610465, -8.38474450110364
8.11347132850389, -8.30022787445907
8.12013941382359, -8.21570583596177
8.1267392477161, -8.13117844072115
8.13327082587823, -8.04664574385016
8.13973414405129, -7.96210780046517
8.14612919802113, -7.87756466568597
8.15245598361811, -7.79301639463575
8.15871449671705, -7.70846304244105
8.16490473323736, -7.62390466423171
8.17102668914292, -7.53934131514086
8.17708036044212, -7.45477305030486
8.1830657431879, -7.37019992486328
8.18898283347771, -7.28562199395886
8.19483162745354, -7.20103931273747
8.20061212130192, -7.11645193634808
8.20632431125385, -7.03185991994272
8.21196819358495, -6.94726331867646
8.21754376461533, -6.86266218770733
8.22305102070963, -6.77805658219633
8.22848995827707, -6.69344655730738
8.23386057377138, -6.60883216820728
8.23916286369086, -6.52421347006567
8.24439682457836, -6.43959051805501
8.24956245302126, -6.35496336735051
8.25465974565149, -6.27033207313016
8.25968869914558, -6.1856966905746
8.26464931022458, -6.10105727486718
8.26954157565409, -6.01641388119385
8.27436549224433, -5.93176656474317
8.27912105685, -5.84711538070625
8.28380826637046, -5.76246038427673
8.28842711774954, -5.67780163065072
8.29297760797573, -5.5931391750268
8.29745973408204, -5.50847307260595
8.30187349314606, -5.42380337859153
8.30621888228998, -5.33913014818924
8.31049589868054, -5.2544534366071
8.31470453952909, -5.16977329905538
8.3188448020915, -5.08508979074658
8.32291668366832, -5.00040296689544
8.32692018160459, -4.9157128827188
8.33085529329, -4.83101959343568
8.33472201615881, -4.74632315426716
8.33852034768987, -4.66162362043638
8.34225028540659, -4.57692104716851
8.34591182687703, -4.49221548969067
8.34950496971383, -4.40750700323196
8.35302971157419, -4.32279564302337
8.35648605015994, -4.23808146429778
8.35987398321753, -4.15336452228989
8.36319350853796, -4.06864487223621
8.36644462395684, -3.98392256937502
8.36962732735444, -3.89919766894631
8.37274161665557, -3.8144702261918
8.3757874898297, -3.72974029635483
8.37876494489086, -3.64500793468038
8.38167397989773, -3.56027319641501
8.38451459295356, -3.47553613680685
8.38728678220626, -3.3907968111055
8.38999054584831, -3.30605527456209
8.39262588211682, -3.22131158242915
8.39519278929353, -3.13656578996063
8.39769126570478, -3.05181795241186
8.40012130972153, -2.96706812503948
8.40248291975936, -2.88231636310145
8.40477609427847, -2.79756272185698
8.40700083178369, -2.71280725656652
8.40915713082445, -2.62805002249167
8.41124498999484, -2.54329107489524
8.41326440793353, -2.4585304690411
8.41521538332383, -2.37376826019425
8.41709791489367, -2.2890045036207
8.41891200141566, -2.2042392545875
8.42065764170695, -2.11947256836263
8.4223348346294, -2.03470450021506
8.4239435790894, -1.94993510541462
8.42548387403808, -1.86516443923201
8.42695571847113, -1.78039255693879
8.4283591114289, -1.69561951380728
8.42969405199635, -1.61084536511057
8.43096053930307, -1.52607016612246
8.43215857252331, -1.44129397211746
8.43328815087594, -1.3565168383707
8.43434927362445, -1.27173882015794
8.435341940077, -1.1869599727555
8.4362661495863, -1.10218035144027
8.43712190154982, -1.01740001148962
8.43790919540957, -0.932619008181397
8.43862803065223, -0.847837396793875
8.43927840680909, -0.76305523260573
8.43986032345614, -0.678272570895999
8.44037378021392, -0.593489466944039
8.44081877674766, -0.508705976029499
8.44119531276723, -0.423922153432279
8.44150338802712, -0.339138054432495
8.44174300232646, -0.254353734310443
8.44191415550901, -0.169569248346565
8.44201684746318, -0.0847846518214092
8.44205107812202, -1.55963726091931E-11
8.44201684746321, 0.0847846517902165
8.44191415550905, 0.169569248315372
8.44174300232653, 0.254353734279251
8.44150338802723, 0.339138054401302
8.44119531276736, 0.423922153401086
8.44081877674782, 0.508705975998306
8.44037378021409, 0.593489466912847
8.43986032345634, 0.678272570864807
8.43927840680934, 0.763055232574539
8.43862803065248, 0.847837396762683
8.43790919540984, 0.932619008150206
8.43712190155013, 1.01740001145843
8.43626614958663, 1.10218035140908
8.43534194007734, 1.18695997272431
8.43434927362482, 1.27173882012675
8.43328815087634, 1.35651683833951
8.43215857252375, 1.44129397208627
8.43096053930353, 1.52607016609127
8.42969405199682, 1.61084536507938
8.4283591114294, 1.69561951377609
8.42695571847166, 1.7803925569076
8.42548387403865, 1.86516443920083
8.42394357908998, 1.94993510538343
8.42233483462999, 2.03470450018387
8.42065764170758, 2.11947256833145
8.41891200141632, 2.20423925455631
8.41709791489437, 2.28900450358952
8.41521538332452, 2.37376826016306
8.41326440793426, 2.45853046900992
8.41124498999559, 2.54329107486405
8.40915713082524, 2.62805002246049
8.4070008317845, 2.71280725653533
8.40477609427931, 2.7975627218258
8.40248291976022, 2.88231636307027
8.40012130972241, 2.9670681250083
8.39769126570567, 3.05181795238068
8.39519278929446, 3.13656578992945
8.39262588211778, 3.22131158239797
8.38999054584929, 3.30605527453091
8.38728678220727, 3.39079681107433
8.3845145929546, 3.47553613677567
8.38167397989879, 3.56027319638384
8.37876494489194, 3.6450079346492
8.37578748983081, 3.72974029632365
8.37274161665671, 3.81447022616062
8.3696273273556, 3.89919766891514
8.36644462395802, 3.98392256934385
8.36319350853915, 4.06864487220504
8.35987398321876, 4.15336452225872
8.35648605016121, 4.23808146426662
8.35302971157547, 4.32279564299221
8.34950496971514, 4.4075070032008
8.34591182687838, 4.49221548965951
8.34225028540794, 4.57692104713734
8.33852034769124, 4.66162362040522
8.33472201616021, 4.746323154236
8.33085529329144, 4.83101959340452
8.32692018160606, 4.91571288268764
8.3229166836698, 5.00040296686428
8.31884480209301, 5.08508979071543
8.31470453953061, 5.16977329902422
8.31049589868211, 5.25445343657594
8.30621888229157, 5.33913014815809
8.30187349314767, 5.42380337856038
8.29745973408367, 5.5084730725748
8.29297760797739, 5.59313917499566
8.28842711775123, 5.67780163061958
8.28380826637216, 5.76246038424558
8.27912105685174, 5.84711538067511
8.27436549224609, 5.93176656471203
8.26954157565589, 6.01641388116271
8.26464931022639, 6.10105727483604
8.25968869914742, 6.18569669054346
8.25465974565337, 6.27033207309902
8.24956245302315, 6.35496336731938
8.24439682458028, 6.43959051802387
8.23916286369281, 6.52421347003454
8.23386057377334, 6.60883216817615
8.22848995827906, 6.69344655727625
8.22305102071165, 6.7780565821652
8.21754376461736, 6.8626621876762
8.21196819358703, 6.94726331864533
8.20632431125594, 7.0318599199116
8.20061212130403, 7.11645193631696
8.19483162745568, 7.20103931270635
8.18898283347987, 7.28562199392774
8.18306574319008, 7.37019992483216
8.17708036044432, 7.45477305027374
8.17102668914517, 7.53934131510975
8.16490473323964, 7.6239046642006
8.15871449671936, 7.70846304240994
8.15245598362041, 7.79301639460465
8.14612919802347, 7.87756466565486
8.13973414405365, 7.96210780043406
8.13327082588062, 8.04664574381906
8.12673924771852, 8.13117844069006
8.12013941382605, 8.21570583593067
8.11347132850636, 8.30022787442798
8.10673499610715, 8.38474450107255
8.09993042102057, 8.46925566075849
8.09305760768331, 8.55376129838345
8.0861165605765, 8.63826135884871
8.07910728422583, 8.72275578705916
8.0720297832014, 8.80724452792337
8.06488406211784, 8.89172752635363
8.05767012563427, 8.97620472726596
8.05038797845425, 9.06067607558016
8.04303762532584, 9.14514151621986
8.03561907104152, 9.22960099411253
8.02813232043835, 9.31405445418952
8.02057737839775, 9.39850184138613
8.01295424984562, 9.4829431006416
8.00526293975237, 9.56737817689916
7.99750345313281, 9.65180701510609
7.98967579504621, 9.73622956021372
7.98177997059635, 9.8206457571775
7.97381598493135, 9.90505555095701
7.96578384324387, 9.989458886516
7.95768355077094, 10.0738557088224
7.94951511279407, 10.1582459628485
7.94127853463917, 10.2426295935708
7.9329738216766, 10.32700654597
7.92460097932114, 10.4113767650314
7.91616001303198, 10.4957401957444
7.90765092831276, 10.5800967831031
7.89907373071146, 10.664446472106
7.89042842582057, 10.7487892077559
7.88171501927692, 10.8331249350604
7.87293351676176, 10.9174535990315
7.86408392400074, 11.0017751446858
7.85516624676389, 11.0860895170447
7.84618049086568, 11.1703966611341
7.83712666216491, 11.2546965219847
7.82800476656479, 11.3389890446319
7.81881481001292, 11.423274174116
7.80955679850126, 11.5075518554819
7.80023073806616, 11.5918220337796
7.79083663478833, 11.6760846540639
7.78137449479284, 11.7603396613945
7.7718443242491, 11.8445870008361
7.76224612937094, 11.9288266174582
7.75257991641648, 12.0130584563358
7.74284569168822, 12.0972824625484
7.73304346153297, 12.1814985811811
7.72317323234195, 12.2657067573239
7.71323501055066, 12.3499069360719
7.70322880263892, 12.4340990625256
7.69315461513094, 12.5182830817907
7.68301245459519, 12.6024589389781
7.67280232764449, 12.6866265792042
7.66252424093598, 12.7707859475905
7.6521782011711, 12.8549369892641
7.64176421509561, 12.9390796493575
7.63128228949951, 13.0232138730085
7.62073243121719, 13.1073396053607
7.6101146471273, 13.191456791563
7.59942894415275, 13.27556537677
7.58867532926074, 13.3596653061417
7.57785380946277, 13.4437565248439
7.56696439181462, 13.5278389780482
7.55600708341632, 13.6119126109318
7.54498189141216, 13.6959773686775
7.53388882299072, 13.7800331964741
7.52272788538482, 13.8640800395161
7.51149908587152, 13.9481178430039
7.50020243177214, 14.0321465521439
7.48883793045225, 14.1161661121482
7.47740558932163, 14.2001764682351
7.46590541583433, 14.2841775656287
7.4543374174886, 14.3681693495593
7.44270160182693, 14.4521517652632
7.43099797643598, 14.5361247579827
7.4192265489467, 14.6200882729665
7.4073873270342, 14.7040422554693
7.3954803184178, 14.787986650752
7.383505530861, 14.8719214040819
7.37146297217153, 14.9558464607323
7.35935265020129, 15.0397617659832
7.34717457284637, 15.1236672651207
7.33492874804701, 15.2075629034373
7.32261518378765, 15.2914486262321
7.31023388809687, 15.3753243788105
7.29778486904748, 15.4591901064844
7.28526813475634, 15.5430457545724
7.27268369338455, 15.6268912683995
7.26003155313732, 15.7107265932974
7.247311722264, 15.7945516746044
7.23452420905808, 15.8783664576655
7.22166902185718, 15.9621708878324
7.20874616904304, 16.0459649104636
7.19575565904152, 16.1297484709243
7.1826975003226, 16.2135215145865
7.16957170140037, 16.2972839868293
7.15637827083302, 16.3810358330384
7.14311721722279, 16.4647769986066
7.12978854921612, 16.5485074289336
7.1163922755034, 16.632227069426
7.10292840481922, 16.7159358654977
7.08939694594218, 16.7996337625695
7.07579790769495, 16.8833207060691
7.06213129894427, 16.9669966414319
7.04839712860095, 17.0506615140999
7.03459540561985, 17.1343152695226
7.02072613899986, 17.2179578531567
7.00678933778391, 17.3015892104663
6.99278501105897, 17.3852092869226
6.97871316795606, 17.4688180280042
6.96457381765015, 17.5524153791973
6.9503669693603, 17.6360012859952
6.93609263234958, 17.7195756938991
6.92175081592499, 17.8031385484172
6.90734152943762, 17.8866897950655
6.89286478228246, 17.9702293793677
6.87832058389856, 18.0537572468548
6.86370894376891, 18.1372733430656
6.8490298714205, 18.2207776135466
6.83428337642422, 18.3042700038519
6.81946946839504, 18.3877504595435
6.80458815699177, 18.471218926191
6.78963945191721, 18.554675349372
6.77462336291812, 18.6381196746718
6.75953989978517, 18.7215518476837
6.74438907235297, 18.8049718140089
6.72917089050006, 18.8883795192564
6.71388536414885, 18.9717749090435
6.69853250326572, 19.0551579289953
6.68311231786095, 19.1385285247449
6.66762481798867, 19.2218866419338
6.65207001374692, 19.3052322262114
6.63644791527763, 19.3885652232353
6.6207585327666, 19.4718855786714
6.60500187644352, 19.5551932381937
6.58917795658192, 19.6384881474846
6.5732867834992, 19.7217702522348
6.55732836755658, 19.8050394981434
6.54130271915919, 19.8882958309176
6.52520984875592, 19.9715391962734
6.50904976683952, 20.054769539935
6.4928224839466, 20.1379868076351
6.47652801065752, 20.2211909451152
6.46016635759649, 20.304381898125
6.44373753543152, 20.387559612423
6.42724155487441, 20.4707240337763
6.41067842668073, 20.5538751079607
6.39404816164986, 20.6370127807605
6.37735077062494, 20.7201369979691
6.36058626449288, 20.8032477053883
6.34375465418435, 20.8863448488289
6.32685595067375, 20.9694283741106
6.30989016497928, 21.0524982270618
6.29285730816282, 21.13555435352
6.27575739133002, 21.2185966993316
6.25859042563025, 21.3016252103518
6.24135642225654, 21.384639832445
6.22405539244573, 21.4676405114848
6.20668734747829, 21.5506271933535
6.1892522986784, 21.6335998239428
6.17175025741392, 21.7165583491536
6.15418123509642, 21.7995027148958
6.13654524318112, 21.8824328670887
6.11884229316689, 21.9653487516607
6.10107239659629, 22.0482503145498
6.08323556505553, 22.1311375017029
6.06533181017441, 22.2140102590766
6.04736114362645, 22.2968685326369
6.02932357712872, 22.3797122683591
6.01121912244193, 22.4625414122281
5.99304779137044, 22.5453559102382
5.97480959576217, 22.6281557083933
5.95650454750864, 22.7109407527069
5.938132658545, 22.7937109892021
5.91969394084995, 22.8764663639118
5.90118840644574, 22.9592068228783
5.88261606739823, 23.0419323121538
5.86397693581681, 23.1246427778003
5.84527102385442, 23.2073381658895
5.82649834370757, 23.290018422503
5.80765890761627, 23.3726834937322
5.78875272786408, 23.4553333256785
5.76977981677805, 23.5379678644531
5.75074018672876, 23.6205870561773
5.73163385013029, 23.7031908469823
5.71246081944022, 23.7857791830094
5.6932211071596, 23.86835201041
5.67391472583297, 23.9509092753456
5.65454168804831, 24.0334509239878
5.63510200643711, 24.1159769025183
5.61559569367427, 24.1984871571293
5.59602276247816, 24.280981634023
5.57638322561058, 24.3634602794119
5.55667709587675, 24.4459230395191
5.53690438612529, 24.5283698605776
5.51706510924831, 24.6108006888312
5.4971592781812, 24.6932154705338
5.47718690590287, 24.7756141519501
5.45714800543551, 24.8579966793551
5.43704258984479, 24.9403629990343
5.41687067223965, 25.0227130572838
5.39663226577244, 25.1050468004105
5.37632738363885, 25.1873641747315
5.35595603907794, 25.269665126575
5.33551824537207, 25.3519496022798
5.31501401584693, 25.4342175481953
5.29444336387155, 25.5164689106817
5.27380630285825, 25.5987036361103
5.25310284626265, 25.6809216708628
5.23233300758365, 25.7631229613321
5.21149680036346, 25.8453074539219
5.19059423818756, 25.9274750950469
5.16962533468465, 26.0096258311329
5.14859010352676, 26.0917596086163
5.12748855842908, 26.1738763739451
5.10632071315013, 26.255976073578
5.08508658149157, 26.3380586539851
5.06378617729833, 26.4201240616473
5.04241951445854, 26.5021722430572
5.02098660690356, 26.5842031447181
4.99948746860788, 26.6662167131451
4.97792211358923, 26.748212894864
4.95629055590848, 26.8301916364125
4.93459280966967, 26.9121528843394
4.91282888902003, 26.9940965852048
4.89099880814989, 27.0760226855806
4.86910258129274, 27.1579311320497
4.84714022272517, 27.239821871207
4.82511174676696, 27.3216948496585
4.80301716778094, 27.4035500140222
4.78085650017303, 27.4853873109273
4.75862975839227, 27.567206687015
4.73633695693078, 27.6490080889381
4.71397811032375, 27.7307914633608
4.69155323314943, 27.8125567569596
4.66906234002913, 27.8943039164223
4.64650544562716, 27.9760328884488
4.62388256465093, 28.0577436197508
4.60119371185084, 28.1394360570518
4.57843890202028, 28.2211101470874
4.55561814999569, 28.3027658366051
4.53273147065651, 28.3844030723643
4.5097788789251, 28.4660218011364
4.48676038976687, 28.5476219697051
4.46367601819016, 28.6292035248661
4.44052577924624, 28.710766413427
4.41730968802938, 28.792310582208
4.39402775967676, 28.8738359780412
4.3706800093685, 28.955342547771
4.3472664523276, 29.036830238254
4.32378710382002, 29.1182989963594
4.30024197915458, 29.1997487689684
4.27663109368298, 29.2811795029748
4.25295446279985, 29.3625911452847
4.22921210194262, 29.4439836428167
4.20540402659162, 29.5253569425018
4.18153025226999, 29.6067109912838
4.15759079454378, 29.6880457361186
4.13358566902177, 29.769361123975
4.10951489135563, 29.8506571018344
4.0853784772398, 29.9319336166908
4.06117644241152, 30.0131906155509
4.03690880265083, 30.094428045434
4.01257557378054, 30.1756458533724
3.98817677166619, 30.256843986411
3.96371241221613, 30.3380223916076
3.93918251138143, 30.419181016033
3.9145870851559, 30.5003198067705
3.88992614957604, 30.5814387109168
3.86519972072112, 30.6625376755813
3.84040781471306, 30.7436166478865
3.8155504477165, 30.8246755749678
3.79062763593876, 30.9057144039738
3.76563939562982, 30.9867330820661
3.74058574308232, 31.0677315564197
3.71546669463157, 31.1487097742223
3.69028226665552, 31.2296676826754
3.66503247557469, 31.3106052289932
3.63971733785229, 31.3915223604034
3.61433686999409, 31.4724190241472
3.58889108854851, 31.5532951674788
3.56338001010646, 31.634150737666
3.53780365130153, 31.7149856819899
3.51216202880981, 31.7957999477452
3.48645515934997, 31.8765934822399
3.46068305968321, 31.9573662327956
3.43484574661323, 32.0381181467475
3.40894323698633, 32.1188491714443
3.38297554769125, 32.1995592542484
3.35694269565924, 32.2802483425358
3.33084469786408, 32.3609163836962
3.30468157132194, 32.441563325133
3.27845333309155, 32.5221891142634
3.25216000027402, 32.6027936985184
3.22580159001296, 32.6833770253428
3.19937811949437, 32.7639390421951
3.17288960594668, 32.8444796965481
3.14633606664074, 32.9249989358882
3.11971751888981, 33.0054967077157
3.09303398004948, 33.0859729595452
3.06628546751779, 33.1664276389052
3.03947199873505, 33.2468606933381
3.01259359118404, 33.3272720704006
2.9856502623898, 33.4076617176635
2.95864202991969, 33.4880295827118
2.93156891138345, 33.5683756131445
2.90443092443307, 33.648699756575
2.8772280867629, 33.7290019606311
2.84996041610947, 33.8092821729546
2.82262793025168, 33.8895403412019
2.79523064701065, 33.9697764130435
2.76776858424975, 34.0499903361647
2.74024175987459, 34.1301820582649
2.71265019183301, 34.210351527058
2.68499389811504, 34.2904986902727
2.65727289675296, 34.3706234956519
2.62948720582119, 34.4507258909532
2.60163684343635, 34.530805823949
2.57372182775724, 34.610863242426
2.54574217698477, 34.6908980941859
2.51769790936207, 34.7709103270448
2.48958904317431, 34.8508998888339
2.46141559674884, 34.9308667273989
2.43317758845511, 35.0108107906005
2.40487503670464, 35.090732026314
2.37650795995107, 35.17063038243
2.34807637669007, 35.2505058068535
2.3195803054594, 35.3303582475049
2.29101976483885, 35.4101876523194
2.26239477345024, 35.4899939692472
2.23370534995745, 35.5697771462535
2.20495151306633, 35.6495371313188
2.17613328152474, 35.7292738724384
2.14725067412253, 35.8089873176232
2.11830370969153, 35.8886774148988
2.08929240710553, 35.9683441123064
2.06021678528023, 36.0479873579023
2.03107686317333, 36.127607099758
2.00187265978441, 36.2072032859606
1.972604194155, 36.2867758646122
1.94327148536848, 36.3663247838306
1.91387455255015, 36.4458499917489
1.8844134148672, 36.5253514365156
1.85488809152864, 36.6048290662948
1.82529860178535, 36.6842828292662
1.79564496493006, 36.7637126736247
1.76592720029731, 36.8431185475813
1.73614532726344, 36.9225003993622
1.70629936524664, 37.0018581772095
1.67638933370682, 37.0811918293809
1.64641525214572, 37.1605013041499
1.61637714010679, 37.2397865498058
1.58627501717527, 37.3190475146535
1.55610890297814, 37.3982841470139
1.52587881718405, 37.4774963952237
1.49558477950342, 37.5566842076355
1.46522680968833, 37.635847532618
1.43480492753257, 37.7149863185555
1.40431915287157, 37.7941005138487
1.37376950558246, 37.8731900669141
1.34315600558398, 37.9522549261843
1.31247867283651, 38.031295040108
1.28173752734207, 38.1103103571501
1.25093258914428, 38.1893008257916
1.22006387832832, 38.2682663945297
1.189131415021, 38.3472070118779
1.15813521939066, 38.4261226263659
1.1270753116472, 38.5050131865397
1.09595171204211, 38.5838786409617
1.06476444086832, 38.6627189382107
1.03351351846035, 38.7415340268817
1.00219896519418, 38.8203238555864
0.970820801487307, 38.8990883729527
0.939379047798667, 38.9778275276253
0.907873724628701, 39.0565412682652
0.876304852519254, 39.1352295435501
0.844672452053643, 39.2138923021742
0.812976543856578, 39.2925294928484
0.781217148594209, 39.3711410643003
0.749394286974024, 39.4497269652742
0.717507979744965, 39.528287144531
0.685558247697273, 39.6068215508486
0.653545111662595, 39.6853301330215
0.621468592513907, 39.7638128398611
0.589328711165479, 39.8422696201957
0.557125488572922, 39.9207004228706
0.524858945733143, 39.9991051967478
0.492529103684333, 40.0774838907065
0.460135983505964, 40.1558364536428
0.427679606318762, 40.2341628344698
0.395159993284651, 40.3124629821177
0.362577165606879, 40.3907368455338
0.329931144529823, 40.4689843736827
0.297221951339111, 40.5472055155459
0.264449607361541, 40.6254002201223
0.23161413396511, 40.7035684364279
0.198715552558951, 40.7817101134961
0.165753884593343, 40.8598252003776
0.132729151559701, 40.9379136461402
0.0996413749905827, 41.0159753998694
0.0664905764596284, 41.094010410668
0.0332767775815768, 41.1720186276561
1.22355459097889E-11, 41.2499999999714
-7.105427357601E-15, 41.25
New Line
33.5, 33.25
37.5, 33.25
New Line
41.5, 33.25
45.5, 33.25
New Line
37.5, 41.25
41.5, 41.25
New Line
37.5, -41.25
41.5, -41.25
New Line
45.5, -41.25
61.875, -41.25
New Line
45.5, 41.25
61.875, 41.25
